id;form_number;center_id;center_name;first_name;middle_name;last_name;display_name;date_of_birth;gender;age;address;area;city;district;con_state;state_code;region;country;country_code;pincode;photo_1;photo_1_content_type;photo_2;photo_2_content_type;mobile_number;contact_no;education;blood_group;email;reg_date;profession;marriage_status;expired;language_name;veg_non_veg;refered_by;referd_by_name;exercise_regularly;addiction;hours_sleep;wake_rested;water_intake;hours_work;shift_work;level_of_stress;patient_condition;current_medication;chronological_history;symptomatic_changes;level_of_discomfort;fees_discount;fees_discount_given_by;discount_type;discount;allow_email;allow_sms;allow_whats_app;allow_promotions;i_agree;healing_level;allow_login;password;voided;user_id
00000000-0000-0000-0000-000000000001;Steel Graphical User Interface;19faf798-e565-417a-b882-9d04a386096b;coherent Wooden application;Leonor;Tugrik;Torphy;Toys;2021-07-23T16:24:36;Male;61914;Louisiana port;methodical Cambridgeshire;Faustinomouth;even-keeled;Unbranded Pants;Rial Omani wit;Home;Albania;GN;silver enginee;../fake-data/blob/hipster.png;image/png;../fake-data/blob/hipster.png;image/png;transparent;back-end;Checking Account Sleek Concrete Shirt Avon;1080p Hat Incredible Fresh Hat;Eddie12@hotmail.com;2021-07-24T12:39:56;turquoise;Salad Progressive;true;Synchronised Fantast;false;human-resource Associate;high-level turn-key deposit;false;false;37028;true;2566;32770;false;withdrawal AI;yellow port back up;Re-contextualized;Garden;Garden architecture Vatu;55729;false;Human Money Market Account;OnlyVisitFees;12171;true;true;true;false;true;Special;true;Creative digital Fully-configurable;false;a7576c70-0a03-462f-9759-3405b6c10684
00000000-0000-0000-0000-000000000002;Ergonomic;4b65a96a-13da-4456-a5e0-0b050a71b43c;Divide;Clotilde;time-frame Car;Feest;Senegal portals;2021-07-24T01:12:14;Other;68521;Turks and Caicos Islands Sleek Concrete Tuna Intelligent;contextually-based paradigm open-source;Mateotown;Global revolutionary Kansas;Executive open-source Investment Account;Consultant Inv;back-end;Kyrgyz Republic;TG;bandwidth-moni;../fake-data/blob/hipster.png;image/png;../fake-data/blob/hipster.png;image/png;channels Czech ;Licensed Wooden Chee;systemic;approach tan;Jarrod_Marks@gmail.com;2021-07-23T18:56:30;Configurable Engineer;24 hour;false;Hungary cross-platfo;true;card;Home;true;true;40906;false;4461;56629;false;Face to face Canyon;microchip Bedfordshire;hardware;multi-byte quantify Metical;intermediate Awesome SMS;10290;true;Dynamic Home Loan Account;OnlyVisitFees;12660;false;false;false;true;true;Simple;true;Savings Account;false;a523c17c-a2a3-4760-9b5b-04e07c86f50d
00000000-0000-0000-0000-000000000003;back-end;e36e5969-0bdf-4407-b01b-f48e5768607c;transmit;Mary;monitor Handmade Gra;Schuppe;bricks-and-clicks distributed Northern Mariana Islands;2021-07-24T11:23:06;Male;96781;Plastic Berkshire navigating;deposit Agent;East Vaughnmouth;Sleek Steel Fish Mouse;Organic ivory solid state;Baby Metal Obj;RAM;Malta;TJ;Health silver ;../fake-data/blob/hipster.png;image/png;../fake-data/blob/hipster.png;image/png;Unbranded Futur;Organic hack Toys;deposit Pants Garden;Cotton;Gwen51@yahoo.com;2021-07-23T23:34:22;Roads Ergonomic;user-centric New Jer;false;action-items Impleme;true;integrated;Tasty Metal Mouse;false;false;35800;true;45664;63411;true;Licensed Fresh Pants;withdrawal hard drive;Polarised functionalities Specialist;real-time Personal Loan Account;Unbranded Concrete Table;51328;false;Forward;MaximumFees;25360;false;true;true;true;true;Simple;true;Computer parsing connecting;false;2def1b64-ab87-4cb7-bda1-3f762867a8e3
00000000-0000-0000-0000-000000000004;mobile;b024b3fc-2083-42fb-9094-165514c23eba;Movies primary deposit;Abelardo;microchip olive;Langworth;Personal Loan Account Wisconsin COM;2021-07-24T08:31:51;Male;95783;Borders Practical;invoice dynamic Accounts;Goodwintown;Barbados Practical quantifying;Ball;circuit;Assistant Tasty Fresh Pants;Mozambique;CH;USB;../fake-data/blob/hipster.png;image/png;../fake-data/blob/hipster.png;image/png;Credit Card Acc;Electronics Towels K;quantifying Reactive;Avon;Lisandro_Kemmer@hotmail.com;2021-07-24T08:12:05;empower;Georgia hacking;true;olive Pizza Cloned;false;Coordinator;deposit array;false;true;53908;false;7156;60555;false;robust Engineer cyan;Architect Practical Fresh Gloves;white Cotton;Uzbekistan;full-range Orchestrator;26358;false;Personal Loan Account;OnlyVisitFees;12308;false;true;true;false;false;Special;true;International XML;true;15a3aa6b-be48-44a2-8df2-2c6de630f837
00000000-0000-0000-0000-000000000005;sensor;a0769505-8bd0-436d-9992-437a8392fce1;parse Unbranded;Rene;Designer;Harris;Cambridgeshire microchip;2021-07-24T09:59:33;Other;59746;Incredible Metal Gloves Forward Chicken;invoice Liaison;Port Natville;Cambridgeshire Gloves;Syrian Pound Handcrafted;Home Loan Acco;Washington Intranet;Finland;FJ;Tasty;../fake-data/blob/hipster.png;image/png;../fake-data/blob/hipster.png;image/png;tan Rustic scal;initiatives Accounta;olive;web-enabled Global;Alycia_Olson@gmail.com;2021-07-23T16:55:59;Incredible Devolved;invoice Berkshire st;false;bluetooth Lights;true;bottom-line multi-byte parse;Buckinghamshire;false;true;81714;true;69178;70557;true;e-markets seize;bypass;New Jersey;Dynamic Group;best-of-breed Global Buckinghamshire;46504;true;District Coordinator;PercentDiscount;57627;true;false;true;true;true;Simple;false;Brooks Handmade Soft Ball Lead;false;6f5a668b-652d-4dd5-9561-7ace5096ffa6
00000000-0000-0000-0000-000000000006;Rufiyaa benchmark;011247a3-0e43-4d9b-a88a-5e20b826178f;SDD Up-sized;Bennett;Missouri;Dare;Refined Frozen Shirt Lilangeni Refined Granite Pants;2021-07-23T23:35:28;Male;73661;solutions white Bedfordshire;navigating structure blue;Florianshire;Electronics;Borders Directives;Lead architect;Concrete invoice;France;NU;Arkansas Kyat ;../fake-data/blob/hipster.png;image/png;../fake-data/blob/hipster.png;image/png;SAS Money Marke;Home Loan Account Mo;Unbranded Plastic Bacon Representative red;connect bricks-and-clicks;Eldon46@yahoo.com;2021-07-24T02:12:18;Drive Bahraini Dinar Buckinghamshire;Handcrafted Fresh Mo;true;e-business Saint Hel;true;integrated;bricks-and-clicks;true;true;16340;true;53029;61756;false;best-of-breed mindsh;middleware;Idaho Senior;Iowa Avon Profit-focused;SCSI Swedish Krona Kansas;39031;false;Buckinghamshire wireless;OnlyVisitFees;68278;true;true;true;false;true;Complex;true;Handcrafted;true;3435e84f-a72d-4190-9ff4-1c5038ff35ff
00000000-0000-0000-0000-000000000007;Maldives yellow;37876c0f-cb6c-4180-be25-3b8476a66c13;Granite yellow digital;Emma;Pennsylvania transmi;Schuster;Robust Gorgeous;2021-07-24T12:42:33;Male;97581;Views;Realigned;Port Johnathan;Developer SCSI Garden;Pants Right-sized Unbranded;program Trace;Facilitator IB Ergonomic Metal Salad;Qatar;GH;matrix;../fake-data/blob/hipster.png;image/png;../fake-data/blob/hipster.png;image/png;Generic product;complexity;haptic Soft;calculating Unbranded Metal Soap;Mary_Raynor@yahoo.com;2021-07-23T23:54:46;calculate circuit;Designer envisioneer;false;Universal 1080p tan;true;platforms;neural-net;true;true;27516;true;22361;11963;true;Utah;seamless;withdrawal;Cameroon;value-added withdrawal;22263;true;killer Credit Card Account;FixedFeesPerMonth;61019;false;true;false;false;true;Special;true;cross-media;true;df7d43bb-3c34-48c4-9873-1504588bdd10
00000000-0000-0000-0000-000000000008;Chief;65d979ba-6d16-4210-8276-3393f07545c2;XSS;Alejandrin;Port deposit;Pagac;Trafficway;2021-07-23T19:50:00;Other;60552;sensor;e-business Georgia;Makenzieshire;Auto Loan Account invoice invoice;Louisiana connecting navigate;Cove;Mayotte Intelligent New York;Mali;ET;Distributed;../fake-data/blob/hipster.png;image/png;../fake-data/blob/hipster.png;image/png;Bedfordshire Ch;Quality infrastructu;well-modulated Ville Specialist;Idaho customer loyalty;Amalia90@gmail.com;2021-07-24T12:42:28;Director Sleek Wooden Fish;Sharable Mali info-m;false;dynamic open-source;true;Maine product;mobile deposit orchid;false;true;31761;true;35069;49702;true;International;Dynamic Micronesia;New York Plastic;Causeway models EXE;Nuevo Sol JBOD;56611;true;Michigan Maldives;PercentDiscount;17825;false;true;true;true;false;Special;true;web-readiness;false;8485b5fc-0b71-4709-a314-5fe314ce2adc
00000000-0000-0000-0000-000000000009;Steel Technician back up;35c9f449-f5ea-461a-8192-7004cb352185;Borders Principal AGP;Clyde;Cape;Walker;moderator programming;2021-07-24T06:56:27;Male;88776;system engine;Music Common;North Addison;strategic reboot panel;Buckinghamshire Chief indexing;partnerships a;Identity;Antarctica (the territory South of 60 deg S);CF;Zimbabwe;../fake-data/blob/hipster.png;image/png;../fake-data/blob/hipster.png;image/png;maroon Handcraf;Networked SSL Soft;Port American Samoa;efficient Licensed Cambridgeshire;Sandy71@yahoo.com;2021-07-24T09:00:22;Generic Buckinghamshire deposit;cultivate;false;indexing Cheese Wyom;true;Practical Open-architected;Buckinghamshire hack Harbors;false;false;9457;false;2343;71620;true;Identity Research;parsing;transmitting Awesome;redundant Handmade interface;Refined Frozen Fish generating fault-tolerant;7934;true;Executive functionalities;OnlyVisitFees;69640;false;true;true;true;true;Complex;false;Licensed Soft Car holistic;false;5aa9cf93-85fd-4875-b555-ea643dccc3ac
00000000-0000-0000-0000-000000000010;Bedfordshire;2b11cfb9-6002-411a-abd8-1f21d1c15d3b;withdrawal;Madilyn;Pitcairn Islands sys;Gutmann;Incredible Cotton Shirt Virginia;2021-07-23T13:31:49;Male;43350;Buckinghamshire;Communications disintermediate Flats;West Tessie;neutral Concrete;backing up;synthesize Kid;Personal Loan Account Louisiana;Congo;KR;Organized Lice;../fake-data/blob/hipster.png;image/png;../fake-data/blob/hipster.png;image/png;magenta paradig;Burundi Franc;green Garden;connecting;Deon8@gmail.com;2021-07-23T21:19:10;backing up Program bluetooth;Denar PNG;false;red;false;Sausages Assimilated;backing up;true;true;53300;false;76884;66331;false;Planner;program Graphic Interface;Course;Florida;invoice Planner Beauty;62047;true;Handmade New Hampshire;NoDiscount;39824;false;false;true;true;false;Special;true;quantifying Neck Tunisia;true;d58ff955-70da-43d5-b2aa-f6810d16384e
